cell	product	bytes	python_sha256	r_sha256	identical
deep_inbred_60g	pairs_code	158040	329c856ff4d575eb	329c856ff4d575eb	True
deep_inbred_60g	pairs_first	158040	6c6bee91bd65a9bc	6c6bee91bd65a9bc	True
deep_inbred_60g	pairs_second	158040	f47fb1d260c422fc	f47fb1d260c422fc	True
deep_inbred_60g	inbreeding	5824	f61e1a107c5d8402	f61e1a107c5d8402	True
deep_inbred_60g	pair_kinship	117960	109d1439e1b640c1	109d1439e1b640c1	True
deep_inbred_60g	kinship_i	1057456	2685a788511b4f2e	2685a788511b4f2e	True
deep_inbred_60g	kinship_j	1057456	5d6115a12d54c160	5d6115a12d54c160	True
deep_inbred_60g	kinship_x	2114912	56101373aab14f72	56101373aab14f72	True
inbred1	pairs_code	32024	1c7077dd7a530dff	1c7077dd7a530dff	True
inbred1	pairs_first	32024	8cd2637a35257ce8	8cd2637a35257ce8	True
inbred1	pairs_second	32024	dfa0d9287e548c4c	dfa0d9287e548c4c	True
inbred1	inbreeding	3888	b004dfdd17a157e0	b004dfdd17a157e0	True
inbred1	pair_kinship	24360	10b18ebb7918fa0f	10b18ebb7918fa0f	True
inbred1	kinship_i	58520	be5de297c9cbd3d7	be5de297c9cbd3d7	True
inbred1	kinship_j	58520	700bfc6855ff9151	700bfc6855ff9151	True
inbred1	kinship_x	117040	1c5f938166bc24d2	1c5f938166bc24d2	True
inbred2	pairs_code	50724	95fc7fedcd45acee	95fc7fedcd45acee	True
inbred2	pairs_first	50724	2f16fe2f863727f1	2f16fe2f863727f1	True
inbred2	pairs_second	50724	2758d4f9bcdbbb9e	2758d4f9bcdbbb9e	True
inbred2	inbreeding	3960	294491d262ea935b	294491d262ea935b	True
inbred2	pair_kinship	30336	0dc2dff3156a120a	0dc2dff3156a120a	True
inbred2	kinship_i	102680	98ab9e187bc5ba2b	98ab9e187bc5ba2b	True
inbred2	kinship_j	102680	892695e8d7b982b0	892695e8d7b982b0	True
inbred2	kinship_x	205360	b92b927bf4ec8d7d	b92b927bf4ec8d7d	True
inbred3	pairs_code	38636	00a7d47d0d761fa1	00a7d47d0d761fa1	True
inbred3	pairs_first	38636	72925244f093bf62	72925244f093bf62	True
inbred3	pairs_second	38636	46880952cdbe2c7e	46880952cdbe2c7e	True
inbred3	inbreeding	3944	4ee4e83375ba04a6	4ee4e83375ba04a6	True
inbred3	pair_kinship	26176	6ddc86af59cc9e6b	6ddc86af59cc9e6b	True
inbred3	kinship_i	85496	01b785cb761f6bc3	01b785cb761f6bc3	True
inbred3	kinship_j	85496	e7b73a13df887db4	e7b73a13df887db4	True
inbred3	kinship_x	170992	550d0364b160b9f5	550d0364b160b9f5	True
inbred4	pairs_code	44004	4434e5fc719ba6a6	4434e5fc719ba6a6	True
inbred4	pairs_first	44004	d54e9c23fdfecaa4	d54e9c23fdfecaa4	True
inbred4	pairs_second	44004	f8c09f7082343c42	f8c09f7082343c42	True
inbred4	inbreeding	3928	d678f4d42febf9c0	d678f4d42febf9c0	True
inbred4	pair_kinship	27864	36f132c541b86434	36f132c541b86434	True
inbred4	kinship_i	88952	e584c9df3c221080	e584c9df3c221080	True
inbred4	kinship_j	88952	e83c53f745f5673f	e83c53f745f5673f	True
inbred4	kinship_x	177904	86bacd8314b9fad5	86bacd8314b9fad5	True
random_1k	pairs_code	378068	c1d8263c621d5b77	c1d8263c621d5b77	True
random_1k	pairs_first	378068	dd2dd298dfa23c43	dd2dd298dfa23c43	True
random_1k	pairs_second	378068	ea1b333b3dcc32de	ea1b333b3dcc32de	True
random_1k	inbreeding	8160	98d8b44e266228cf	98d8b44e266228cf	True
random_1k	pair_kinship	152584	a91346e5f4eaab6a	a91346e5f4eaab6a	True
random_1k	kinship_i	1202952	bb29a614a5284475	bb29a614a5284475	True
random_1k	kinship_j	1202952	28191c961dde72d3	28191c961dde72d3	True
random_1k	kinship_x	2405904	5adb025da1734d7a	5adb025da1734d7a	True
small_pedigree	pairs_code	95164	8a47bf290ebd3d1f	8a47bf290ebd3d1f	True
small_pedigree	pairs_first	95164	2a297f302b3de108	2a297f302b3de108	True
small_pedigree	pairs_second	95164	0a38ba62ebba6c7a	0a38ba62ebba6c7a	True
small_pedigree	inbreeding	24000	fd330ab71737c313	fd330ab71737c313	True
small_pedigree	pair_kinship	165624	c63a2dc5686e5da3	c63a2dc5686e5da3	True
small_pedigree	kinship_i	107696	fae5c0725ba6f0d6	fae5c0725ba6f0d6	True
small_pedigree	kinship_j	107696	44dc0aef6d88b8c0	44dc0aef6d88b8c0	True
small_pedigree	kinship_x	215392	ef581a77c922716e	ef581a77c922716e	True
sim_d2_n3000	pairs_code	45812	c24bd6be281ec603	c24bd6be281ec603	True
sim_d2_n3000	pairs_first	45812	d55e360be9279b1d	d55e360be9279b1d	True
sim_d2_n3000	pairs_second	45812	d2cb3f319dd32ed2	d2cb3f319dd32ed2	True
sim_d2_n3000	inbreeding	48000	bb918147fe10391b	bb918147fe10391b	True
sim_d2_n3000	pair_kinship	91624	38352c0ebe620d58	38352c0ebe620d58	True
sim_d2_n3000	kinship_i	70956	c29f42fc77c37a3f	c29f42fc77c37a3f	True
sim_d2_n3000	kinship_j	70956	1b278aefb1f27617	1b278aefb1f27617	True
sim_d2_n3000	kinship_x	141912	7ab2cdbfe4f140eb	7ab2cdbfe4f140eb	True
sim_d3_n3000	pairs_code	318724	b9b8bf827a210e41	b9b8bf827a210e41	True
sim_d3_n3000	pairs_first	318724	41476b41590496b8	41476b41590496b8	True
sim_d3_n3000	pairs_second	318724	cac685c755611195	cac685c755611195	True
sim_d3_n3000	inbreeding	72000	830aceb19d075ca6	830aceb19d075ca6	True
sim_d3_n3000	pair_kinship	517552	60a43409e9edf2f4	60a43409e9edf2f4	True
sim_d3_n3000	kinship_i	362284	ba4b12a40dc4e8fb	ba4b12a40dc4e8fb	True
sim_d3_n3000	kinship_j	362284	8f4fee5000f48357	8f4fee5000f48357	True
sim_d3_n3000	kinship_x	724568	62cba3609e88d46f	62cba3609e88d46f	True
sim_d6_n3000	pairs_code	5601612	fed5bffad7c12b2c	fed5bffad7c12b2c	True
sim_d6_n3000	pairs_first	5601612	ae4779f7bf685a75	ae4779f7bf685a75	True
sim_d6_n3000	pairs_second	5601612	8a4f280f0ecec2d6	8a4f280f0ecec2d6	True
sim_d6_n3000	inbreeding	144000	8a4ec8a08afc3cc1	8a4ec8a08afc3cc1	True
sim_d6_n3000	pair_kinship	2747672	ccf2486d25112cfd	ccf2486d25112cfd	True
sim_d6_n3000	kinship_i	26865000	8b4133905196d0c7	8b4133905196d0c7	True
sim_d6_n3000	kinship_j	26865000	afd4383af5006ba4	afd4383af5006ba4	True
sim_d6_n3000	kinship_x	53730000	50f22a242bf06b4a	50f22a242bf06b4a	True
random_30k	pairs_code	12271072	290858927b65f6b3	290858927b65f6b3	True
random_30k	pairs_first	12271072	ca2d8da9e3617d02	ca2d8da9e3617d02	True
random_30k	pairs_second	12271072	7cf16360cdd5ef0a	7cf16360cdd5ef0a	True
random_30k	inbreeding	242400	f71ef4a0b992c586	f71ef4a0b992c586	True
random_30k	pair_kinship	4533712	832d533c82544096	832d533c82544096	True
random_30k	kinship_i	535429216	546eb94c35cfb955	546eb94c35cfb955	True
random_30k	kinship_j	535429216	07089959ef78b8b5	07089959ef78b8b5	True
random_30k	kinship_x	1070858432	5e0b28f99ed92b1c	5e0b28f99ed92b1c	True
dev_mean_n10k	pairs_code	6093452	64f39782b5b489af	64f39782b5b489af	True
dev_mean_n10k	pairs_first	6093452	ca362111253e780f	ca362111253e780f	True
dev_mean_n10k	pairs_second	6093452	0c543bd9be276f0c	0c543bd9be276f0c	True
dev_mean_n10k	inbreeding	163200	b061fd46ce22f648	b061fd46ce22f648	True
dev_mean_n10k	pair_kinship	3092040	f5bcc2ade4943b63	f5bcc2ade4943b63	True
dev_mean_n10k	kinship_i	26372012	45205bee27396a84	45205bee27396a84	True
dev_mean_n10k	kinship_j	26372012	8288b7102992e52a	8288b7102992e52a	True
dev_mean_n10k	kinship_x	52744024	a84f873169617472	a84f873169617472	True
dev_cont_n10k	pairs_code	1546020	2f2f4de8159bc331	2f2f4de8159bc331	True
dev_cont_n10k	pairs_first	1546020	8a89fe45d8f06461	8a89fe45d8f06461	True
dev_cont_n10k	pairs_second	1546020	c7b2661e278a584c	c7b2661e278a584c	True
dev_cont_n10k	inbreeding	163200	b061fd46ce22f648	b061fd46ce22f648	True
dev_cont_n10k	pair_kinship	3092040	f5bcc2ade4943b63	f5bcc2ade4943b63	True
dev_cont_n10k	kinship_i	26372012	45205bee27396a84	45205bee27396a84	True
dev_cont_n10k	kinship_j	26372012	8288b7102992e52a	8288b7102992e52a	True
dev_cont_n10k	kinship_x	52744024	a84f873169617472	a84f873169617472	True
baseline10K	pairs_code	4218596	6a722ff284152b21	6a722ff284152b21	True
baseline10K	pairs_first	4218596	a7711aae534aaef6	a7711aae534aaef6	True
baseline10K	pairs_second	4218596	2bcbffd59b7d791c	2bcbffd59b7d791c	True
baseline10K	inbreeding	427728	4d44d88f5e0b657e	4d44d88f5e0b657e	True
baseline10K	pair_kinship	8437192	e5bb8043b86d28df	e5bb8043b86d28df	True
baseline10K	kinship_i	78888692	0da2b41eab26e308	0da2b41eab26e308	True
baseline10K	kinship_j	78888692	d91103e5d8d2b439	d91103e5d8d2b439	True
baseline10K	kinship_x	157777384	ff27bcb678bca2a7	ff27bcb678bca2a7	True
dev_laplace_am_strong_50k	pairs_code	7720700	e7a90093bf16bce2	e7a90093bf16bce2	True
dev_laplace_am_strong_50k	pairs_first	7720700	929f4680a2fde344	929f4680a2fde344	True
dev_laplace_am_strong_50k	pairs_second	7720700	2d0ee9f209313be2	2d0ee9f209313be2	True
dev_laplace_am_strong_50k	inbreeding	816000	8f254e3976c8108b	8f254e3976c8108b	True
baseline100K	pairs_code	41711120	79ee4f42c881b7a0	79ee4f42c881b7a0	True
baseline100K	pairs_first	41711120	f1d2b4a678cdc67e	f1d2b4a678cdc67e	True
baseline100K	pairs_second	41711120	e72998bc1e53d05d	e72998bc1e53d05d	True
baseline100K	inbreeding	4288288	e8958de0f45e59c6	e8958de0f45e59c6	True
120/120 products identical
